"","vuosi_","maakunta","omaluok","N","tulkotielaintuotto","tulkasvituotto","tulpuutarhatuotto","tulmuutulo","tultuet","tulliikevaihto","tulvarastomuutos","tulluovutukset","tultilatuotto","tulinvestointituki","tulmuutuotto","tulkokonaistuotto_vara","tultarvikkeet","tultilakaytto","tulelaintenosto","tulostopalvelut","tulpalkat","tulkonevuokra","tulmuumuuttuva","tulpalkkavaatimus","tulvuokrat","tulvakuutuksetyht","tulkoneymskpito","tulmuukiintea","tulkayttokate","tulrakepoisto","tulkonepoisto","tulmuupoisto","tulliiketulos","tulnettorahoituskulut","tulnettotulos","tuloponkorko","tulyrittajanvoitto_vara","eyelain","otos"
"1",17,-1,1,2011351,45138.1140651,20863.2157065,13949.9246752,1756.92880251,48108.6053557,129816.788605,-1758.56070026,159.506542677,10320.6666656,764.949168748,2745.63446063,142048.984742,-39555.0736644,-10320.6666656,-5250.81916151,-8801.16413479,-5779.09042404,-387.24162096,-5236.36458317,-26673.8179143,-5399.21046933,-7519.0840723,-8933.61260631,-5697.23369461,12495.6057312,-6793.13137218,-13293.3042725,-1413.69461157,-9004.52452509,-2475.13189283,-11479.6564179,-16064.0197366,-27543.6761546,22.3523677121,440
"2",17,-1,5,NA,NA,NA,NA,NA,NA,NA,NA,NA,NA,NA,NA,NA,NA,NA,NA,NA,NA,NA,NA,NA,NA,NA,NA,NA,NA,NA,NA,NA,NA,NA,NA,NA,NA,NA,NA
"3",17,1,1,253183,19618.8509774,26975.9898539,16415.7819206,1088.92757531,47051.6643697,111151.214697,387.548260586,230.277874936,7002.7542102,377.934299736,2413.68884909,121563.418191,-33444.4935875,-7002.7542102,-415.597678162,-5176.7354147,-6134.03588246,-207.747528033,-3999.9968548,-21657.5589218,-6364.58350359,-7399.36205575,-9727.84839195,-6218.99306336,13813.7110991,-5304.79671285,-13694.9597853,-1444.72954337,-6630.77494235,-2107.789959,-8738.56490136,-17530.7023225,-26269.2672239,8.69412997713,69
"4",17,1,5,NA,NA,NA,NA,NA,NA,NA,NA,NA,NA,NA,NA,NA,NA,NA,NA,NA,NA,NA,NA,NA,NA,NA,NA,NA,NA,NA,NA,NA,NA,NA,NA,NA,NA,NA,NA
"5",17,2,1,445390,35842.4533333,29639.4536403,24268.5664779,1650.22492986,42528.541877,133929.240258,-2588.1470868,104.100538315,5381.98673558,663.020180583,4209.53476286,141699.735389,-48162.7277607,-5381.98673558,-8352.37177278,-7955.55097319,-5448.84763623,-516.398150003,-6478.76195072,-23113.807693,-5546.58739368,-6733.72483873,-9360.07928815,-5667.82416662,8981.06702943,-7188.18583965,-13868.0373657,-1606.01944869,-13681.1756246,-2559.84574232,-16241.0213669,-20849.9719656,-37090.9933326,24.5685543007,82
"6",17,2,5,NA,NA,NA,NA,NA,NA,NA,NA,NA,NA,NA,NA,NA,NA,NA,NA,NA,NA,NA,NA,NA,NA,NA,NA,NA,NA,NA,NA,NA,NA,NA,NA,NA,NA,NA,NA
"7",17,4,1,232498,45447.7721791,29559.422148,14652.1326248,2124.93625197,47438.8342459,139223.09745,1909.83469041,96.8369214789,6242.53481514,585.195480606,2571.70533987,150629.204697,-43176.5940846,-6242.53481514,-9039.85143958,-10618.4465339,-6267.96710294,-467.664735008,-5085.28237761,-26981.2841741,-10679.8387029,-7575.1073072,-8050.13715146,-4381.24156896,12063.2547038,-6265.04370059,-12720.6992183,-873.006336958,-7795.49455204,-2771.78485239,-10567.2794044,-12728.6854325,-23295.9648369,27.5228324545,60
"8",17,4,5,NA,NA,NA,NA,NA,NA,NA,NA,NA,NA,NA,NA,NA,NA,NA,NA,NA,NA,NA,NA,NA,NA,NA,NA,NA,NA,NA,NA,NA,NA,NA,NA,NA,NA,NA,NA
"9",17,5,1,140700,18495.9193959,17954.1021891,2478.46229566,1742.26166311,33474.4356361,74145.1811798,-943.325813788,69.8709168443,4101.89948827,592.943859275,817.241464108,78783.8110945,-21971.0429282,-4101.89948827,-98.4824307036,-3756.63380242,-1641.36023454,-94.0585927505,-2136.35965885,-21866.6566453,-1457.642914,-6896.58316276,-2907.87614783,-4126.60764748,7728.60744136,-3893.84246624,-6493.73353945,-1053.21246624,-3712.18103056,-2791.56021322,-6503.74124378,-15520.1636034,-22023.9048472,8.18361762615,13
"10",17,5,5,NA,NA,NA,NA,NA,NA,NA,NA,NA,NA,NA,NA,NA,NA,NA,NA,NA,NA,NA,NA,NA,NA,NA,NA,NA,NA,NA,NA,NA,NA,NA,NA,NA,NA,NA,NA
"11",17,6,1,253796,58005.8182054,16062.8397922,10304.6036975,1683.63136239,53453.5322529,139510.42531,382.388754157,375.996674613,11126.2133863,1320.62045095,2762.7628383,155478.407415,-37784.476146,-11126.2133863,-7456.82788736,-10497.2678949,-5405.68620794,-456.961139577,-6868.19661646,-28822.2398284,-5288.93931902,-8004.20503365,-8727.09124442,-5564.97105932,19475.3316512,-9026.32487372,-15602.9996773,-1625.23654738,-6779.22944712,-3180.86431276,-9960.09375987,-15194.9031089,-25154.9968688,24.9631442182,47
"12",17,6,5,NA,NA,NA,NA,NA,NA,NA,NA,NA,NA,NA,NA,NA,NA,NA,NA,NA,NA,NA,NA,NA,NA,NA,NA,NA,NA,NA,NA,NA,NA,NA,NA,NA,NA,NA,NA
"13",17,7,1,102900,37511.1879373,31023.8187901,4409.23253644,1832.32676385,54586.1726603,129362.738688,-10355.7908309,70.1035276968,11022.7804956,716.457959184,1443.51229592,132259.802136,-34835.8422595,-11022.7804956,-2499.20074344,-7872.02416181,-2436.45460641,-24.9240524781,-3665.04605685,-27121.3169096,-4385.1390379,-7763.4748688,-13606.6412609,-5316.22777697,11710.7299052,-7301.91404519,-16907.1025656,-1909.42239067,-14407.7090962,-1795.34142857,-16203.0505248,-20302.8683382,-36505.918863,16.465787172,18
"14",17,7,5,NA,NA,NA,NA,NA,NA,NA,NA,NA,NA,NA,NA,NA,NA,NA,NA,NA,NA,NA,NA,NA,NA,NA,NA,NA,NA,NA,NA,NA,NA,NA,NA,NA,NA,NA,NA
"15",17,8,1,123400,21309.7098055,18911.2755673,10436.9661183,2069.65294773,41807.7631544,94535.3675932,-1336.57416734,29.7147487844,8930.11793152,806.397414911,1829.0751641,104794.098685,-28106.0427998,-8930.11793152,-239.223257699,-6823.75063006,-3346.0148278,-182.891004862,-3787.3879842,-22697.5148298,-3882.80333671,-7507.8732577,-5864.19153363,-6035.91355348,7390.37373784,-5770.37840154,-10409.6143193,-814.238559562,-9603.85754254,-1308.83181118,-10912.6893537,-12383.4643517,-23296.1537054,7.70559157212,14
"16",17,8,5,NA,NA,NA,NA,NA,NA,NA,NA,NA,NA,NA,NA,NA,NA,NA,NA,NA,NA,NA,NA,NA,NA,NA,NA,NA,NA,NA,NA,NA,NA,NA,NA,NA,NA,NA,NA
"17",17,9,1,78698,49004.7491067,10542.0430181,0,1115.67124552,47275.6067277,107938.070098,-3695.4299357,78.7410150194,12091.4043742,631.823083179,3247.4126636,120292.021298,-29323.0993819,-12091.4043742,-5886.8083687,-5856.55309461,-3243.8951765,-95.7950087677,-3269.82237719,-25727.8354291,-3429.76300795,-7690.28086559,-7674.70942108,-4726.12037231,11275.9344204,-5183.05533508,-12773.3750853,-1340.7626974,-8021.2586973,-1207.82062543,-9229.07932273,-12840.2498719,-22069.3291946,20.9048184198,36
"18",17,9,5,NA,NA,NA,NA,NA,NA,NA,NA,NA,NA,NA,NA,NA,NA,NA,NA,NA,NA,NA,NA,NA,NA,NA,NA,NA,NA,NA,NA,NA,NA,NA,NA,NA,NA,NA,NA
"19",17,10,1,118198,73572.0162355,5440.50802391,20382.4896601,2818.56557234,59486.8923108,161700.471803,-1110.76286621,129.080052285,21087.7721241,1455.03304159,3401.85176602,186663.44592,-45433.1154586,-21087.7721241,-2916.62163488,-11779.6850207,-9229.98053639,-450.892959272,-5920.16896969,-39045.0497792,-4379.95517175,-7526.71869981,-11377.1918934,-6302.49169318,21213.8019795,-9883.66503765,-14630.0821211,-1051.81868314,-4351.76386242,-2697.33978215,-7049.10364456,-12886.4050131,-19935.5086577,33.6236590298,24
"20",17,10,5,NA,NA,NA,NA,NA,NA,NA,NA,NA,NA,NA,NA,NA,NA,NA,NA,NA,NA,NA,NA,NA,NA,NA,NA,NA,NA,NA,NA,NA,NA,NA,NA,NA,NA,NA,NA
"21",17,11,1,262588,87303.5479328,5553.34232596,9793.44704252,1872.66293639,57411.30706,161934.307298,-4715.24647094,213.452115596,23061.9706932,754.039926425,2248.62643898,183497.150001,-46423.8636461,-23061.9706932,-6219.3683508,-14019.8300487,-9801.85690066,-656.446911512,-6117.02746237,-34183.9329406,-3920.5110772,-8636.43107739,-10543.6236781,-7387.39190032,12524.8953141,-6793.3989728,-13342.2987883,-1797.178632,-9407.98107895,-2665.58798589,-12073.5690648,-13081.7739201,-25155.3429849,36.8031366247,77
"22",17,11,5,1,110.66,37592.7,67.66,2602.15,50531.18,90904.35,-2262.34,191.45,1531.93,180.6,5041.72,95587.72,-29247.42,-1531.93,-35.71,-4214.23,-1843.02,-341.29,-2297.64,-16403.57,-8080.58,-6874.76,-8044.36,-4905.9,11640.58,-3493.53,-16320.2,-2195.03,-10368.17,-2325.54,-12693.71,-19278.59,-31972.31,0.17,-2
"23",18,-1,1,1967719,46238.3075506,21029.6251459,14813.1260846,2655.8298389,47162.4967807,131899.385401,588.315963316,117.983517601,10038.7944164,804.080103424,3048.11468434,146496.674086,-41895.4808466,-10038.7944164,-4970.42788511,-8323.60039164,-6851.25984419,-562.338291377,-5518.47313987,-27156.9871739,-5557.26497394,-7714.67497666,-8927.8463927,-5972.24625308,13007.2795003,-7350.82050626,-13740.8459161,-1478.0085912,-9562.39551325,-3113.18842273,-12675.583936,-15454.9075234,-28130.4914593,25.296894643,443
"24",18,-1,5,NA,NA,NA,NA,NA,NA,NA,NA,NA,NA,NA,NA,NA,NA,NA,NA,NA,NA,NA,NA,NA,NA,NA,NA,NA,NA,NA,NA,NA,NA,NA,NA,NA,NA,NA,NA
"25",18,1,1,247781,16189.3292101,29650.6251901,19690.5296057,1883.71897248,45652.5937212,113066.7967,-1412.19279029,283.640135765,6544.19431486,379.490797236,2733.78621779,121595.715375,-32142.2942652,-6544.19431486,-414.261606419,-5521.10449881,-6194.09437733,-193.834706212,-5198.59692047,-22499.9215339,-6854.25442483,-8088.37364172,-9352.79635832,-6312.39607504,12279.5926517,-4889.15719845,-13580.3882015,-1385.52775257,-7575.48050076,-2098.47847628,-9673.95897704,-16102.1332382,-25776.0922153,7.7698327959,69
"26",18,1,5,NA,NA,NA,NA,NA,NA,NA,NA,NA,NA,NA,NA,NA,NA,NA,NA,NA,NA,NA,NA,NA,NA,NA,NA,NA,NA,NA,NA,NA,NA,NA,NA,NA,NA,NA,NA
"27",18,2,1,432186,66968.2447165,28567.5208697,25166.6171708,2887.24332595,48741.4171873,172331.04327,-615.910962387,32.9722409102,4950.80401665,491.582716955,4310.0348338,181500.526116,-63210.3440382,-4950.80401665,-7563.96846265,-9888.93961419,-10232.4093656,-733.733818217,-7056.67479539,-24883.5764018,-6128.48005854,-6995.64306893,-9271.58919058,-6514.91022432,24069.4530611,-10625.3984594,-14731.1042062,-1657.779552,-2944.82915643,-5457.89558503,-8402.72474145,-19908.2473115,-28310.972053,40.4294759664,94
"28",18,2,5,NA,NA,NA,NA,NA,NA,NA,NA,NA,NA,NA,NA,NA,NA,NA,NA,NA,NA,NA,NA,NA,NA,NA,NA,NA,NA,NA,NA,NA,NA,NA,NA,NA,NA,NA,NA
"29",18,4,1,225892,38364.8275348,28524.5597143,13931.5859526,2040.64734023,43224.9837606,126086.604303,2696.73274773,141.080033821,6851.82701769,705.157497078,5220.02926,141701.430859,-45118.3899407,-6851.82701769,-6088.48671489,-6409.53898682,-6684.83762373,-843.010024259,-5524.61840047,-26029.7405875,-9123.89197825,-7998.22983461,-9004.20066567,-4993.62742496,7031.03165929,-6413.24461238,-13551.9387634,-934.186877225,-13868.3385938,-2751.75339308,-16620.0919868,-14063.0113607,-30683.1033476,28.9651798204,50
"30",18,4,5,NA,NA,NA,NA,NA,NA,NA,NA,NA,NA,NA,NA,NA,NA,NA,NA,NA,NA,NA,NA,NA,NA,NA,NA,NA,NA,NA,NA,NA,NA,NA,NA,NA,NA,NA,NA
"31",18,5,1,136800,21214.3425877,20134.9787537,2899.11526316,1582.68215278,34997.6843165,80828.8030738,313.138687865,88.107624269,5129.09252924,1132.68286915,1001.92235015,88493.7471345,-21414.0393458,-5129.09252924,-69.4994152047,-5189.04224781,-2036.35300439,-87.7731944444,-2751.76855994,-23106.0004386,-1740.62699561,-6980.63824561,-5309.7359576,-4121.91289474,10557.2643056,-4641.26106725,-7224.60082237,-1034.66950658,-2343.26709064,-2875.09705409,-5218.36414474,-16259.5992288,-21477.9633735,9.90280701754,12
"32",18,5,5,NA,NA,NA,NA,NA,NA,NA,NA,NA,NA,NA,NA,NA,NA,NA,NA,NA,NA,NA,NA,NA,NA,NA,NA,NA,NA,NA,NA,NA,NA,NA,NA,NA,NA,NA,NA
"33",18,6,1,250292,47654.9612806,16112.2427803,7980.65178272,1497.87645194,48339.5954001,121585.327696,2427.53086891,157.703633436,9885.20349376,1216.04036401,2180.78157168,137452.587627,-34828.46,-9885.20349376,-8442.01871446,-7407.29333451,-4428.22307233,-972.067703163,-5135.88007587,-29183.3876161,-5381.37233148,-7931.3961513,-7934.34469719,-5487.07406869,10435.8663685,-7242.8221612,-14425.6931759,-1443.91424736,-12676.5632159,-2566.95506456,-15243.5182804,-14077.2167347,-29320.7350151,22.1134311125,47
"34",18,6,5,NA,NA,NA,NA,NA,NA,NA,NA,NA,NA,NA,NA,NA,NA,NA,NA,NA,NA,NA,NA,NA,NA,NA,NA,NA,NA,NA,NA,NA,NA,NA,NA,NA,NA,NA,NA
"35",18,7,1,95800,33045.7782985,26738.8951879,4648.90605428,2653.45042797,54067.4556263,121154.485595,2032.56242171,92.1106889353,10335.985,696.486524008,1508.03070981,135819.660939,-33085.8009499,-10335.985,-3090.58601253,-6704.89709812,-1490.07584551,-116.060386221,-4084.5391858,-30763.9327766,-4907.54991649,-9023.2235595,-10613.0047912,-5854.01913361,15749.9862839,-7375.97181628,-15427.2416075,-1966.34863257,-9019.57577244,-1843.58814196,-10863.1639144,-17443.157286,-28306.3212004,17.1889770355,18
"36",18,7,5,NA,NA,NA,NA,NA,NA,NA,NA,NA,NA,NA,NA,NA,NA,NA,NA,NA,NA,NA,NA,NA,NA,NA,NA,NA,NA,NA,NA,NA,NA,NA,NA,NA,NA,NA,NA
"37",18,8,1,120499,25217.2113876,19987.4290766,15844.4587092,2693.35367547,46437.7193311,110180.17218,65.7336387024,16.6607191761,12464.3947192,1154.51301671,4546.34316252,128427.817436,-33989.1433282,-12464.3947192,-36.3910903825,-9367.06452361,-4544.40364103,-120.252620354,-5348.27470336,-24670.568662,-5577.02750728,-6541.33174632,-10332.8495866,-5828.17188209,9607.94342584,-7702.84960132,-19060.6782626,-979.352985668,-18134.9374237,-2694.23620528,-20829.173629,-16547.7346341,-37376.9082631,10.0487555913,16
"38",18,8,5,NA,NA,NA,NA,NA,NA,NA,NA,NA,NA,NA,NA,NA,NA,NA,NA,NA,NA,NA,NA,NA,NA,NA,NA,NA,NA,NA,NA,NA,NA,NA,NA,NA,NA,NA,NA
"39",18,9,1,77194,35225.2170288,14441.1770442,0,1147.44268311,43319.8912865,94133.7280426,3070.12385419,4.61017695676,9919.71295645,1249.01338912,2637.93302277,111015.121442,-27781.2261142,-9919.71295645,-4203.25443687,-7058.02945294,-1829.52780929,-57.6842184626,-2692.82391999,-26448.4856181,-2995.26228463,-7912.78199368,-8172.82488354,-4970.94464039,6972.56311358,-7172.582092,-13135.6169647,-1557.28824183,-14892.9241849,-1394.33862904,-16287.2628139,-12651.6582773,-28938.9210913,17.6446453092,33
"40",18,9,5,NA,NA,NA,NA,NA,NA,NA,NA,NA,NA,NA,NA,NA,NA,NA,NA,NA,NA,NA,NA,NA,NA,NA,NA,NA,NA,NA,NA,NA,NA,NA,NA,NA,NA,NA,NA
"41",18,10,1,121893,53295.5155595,6809.48561894,17733.6012842,3337.08368463,46625.6788624,127801.36501,160.071075287,135.071082835,17736.4453978,1328.93767665,1661.24635894,148823.136601,-35342.4540214,-17736.4453978,-1726.92721608,-10257.2486895,-7888.05336221,-629.211201628,-5584.73218651,-33523.1835397,-3216.91246257,-6791.65950818,-8921.41247709,-7314.42415208,9890.4723866,-8181.22988424,-13197.2802934,-908.945449205,-12396.9832402,-2665.1809099,-15062.1641501,-9862.33148163,-24924.4956317,27.8818053539,31
"42",18,10,5,NA,NA,NA,NA,NA,NA,NA,NA,NA,NA,NA,NA,NA,NA,NA,NA,NA,NA,NA,NA,NA,NA,NA,NA,NA,NA,NA,NA,NA,NA,NA,NA,NA,NA,NA,NA
"43",18,11,1,259382,73689.7897667,5942.95747045,12858.0100084,5339.14378022,53865.4252769,151695.326303,212.030330863,141.034453277,22549.3128717,743.562306906,1916.98777047,177258.254036,-44718.7162149,-22549.3128717,-8001.59863576,-12177.9243564,-10926.8397078,-728.231388647,-6502.55568775,-33598.6473202,-4536.11757369,-8923.41017357,-9702.17763923,-6817.28334792,8075.43911837,-6085.9894544,-12525.8481893,-2302.26482782,-12838.6633532,-2528.78070406,-15367.4440572,-11753.9992625,-27121.4433197,35.963026887,73
"44",18,11,5,1,388.58,38059.58,1853.87,2492.69,51043.3,93838.01,4335.03,116.44,1745.31,204.8,2983.76,103223.35,-28034.45,-1745.31,-342.02,-4641.12,-1058.7,-301.9,-2277.11,-18191.54,-8876.34,-7312.41,-8317.46,-4999.16,15275.67,-3415.84,-16265.99,-2090.96,-6497.12,-2303.09,-8800.2,-22561.9,-31362.1,0.25,-2
"45",19,-1,1,1920352,47876.1602255,19471.4676695,13648.5271865,2423.97783171,48081.6877972,131501.82071,-1669.59731103,181.761941274,9083.15450156,1085.78461203,2742.61609352,142925.540548,-41794.0142869,-9083.15450156,-5675.68355719,-8155.88985842,-7055.51889768,-562.343527952,-5409.86633802,-27458.769085,-5973.52002434,-7952.39362602,-9558.70755669,-6312.98202033,7932.69726766,-7928.11047675,-14060.9541203,-1517.4136463,-15573.7809757,-3092.88193174,-18666.6629074,-14300.8270983,-32967.4900057,26.039668894,436
"46",19,-1,5,NA,NA,NA,NA,NA,NA,NA,NA,NA,NA,NA,NA,NA,NA,NA,NA,NA,NA,NA,NA,NA,NA,NA,NA,NA,NA,NA,NA,NA,NA,NA,NA,NA,NA,NA,NA
"47",19,1,1,249389,15709.1931292,25615.033045,16506.714301,1067.00822398,46582.369429,105480.318128,-2769.96697068,232.981761024,5805.52444599,327.047084474,3168.30381152,112244.208261,-31943.518141,-5805.52444599,-406.974793796,-5963.27326173,-6881.60678298,-100.125128374,-4842.50833834,-23561.1666762,-7390.20724707,-7909.31953145,-10518.432408,-5891.94344975,1029.60805589,-4397.70549242,-13214.2925827,-1340.66230467,-17923.0523239,-1505.27781658,-19428.3301405,-14699.7603041,-34128.0904446,7.6002485274,71
"48",19,1,5,NA,NA,NA,NA,NA,NA,NA,NA,NA,NA,NA,NA,NA,NA,NA,NA,NA,NA,NA,NA,NA,NA,NA,NA,NA,NA,NA,NA,NA,NA,NA,NA,NA,NA,NA,NA
"49",19,2,1,418488,68431.2084365,28584.3332394,21294.5235487,3720.85920421,49410.9422789,171441.866708,-2015.6879084,113.169751582,5465.64668509,650.032842853,4480.35876037,180135.386839,-63594.1425817,-5465.64668509,-11977.9385743,-7900.3591058,-10537.449345,-1104.38374938,-7638.24729185,-24014.8256227,-7112.58308291,-6894.17909261,-9913.62599353,-6915.29931733,17066.706397,-9821.69234219,-14456.0631948,-1772.38032414,-8983.42946409,-5610.45195384,-14593.8814179,-18063.2071983,-32657.0886162,40.4205408518,105
"50",19,2,5,NA,NA,NA,NA,NA,NA,NA,NA,NA,NA,NA,NA,NA,NA,NA,NA,NA,NA,NA,NA,NA,NA,NA,NA,NA,NA,NA,NA,NA,NA,NA,NA,NA,NA,NA,NA
"51",19,4,1,213398,41956.5149416,31387.6228361,11974.4562554,2468.83720058,43238.6225221,131026.053756,-6252.99405908,314.876394343,8781.3678669,652.463694271,1654.67661332,136176.444266,-41406.4071405,-8781.3678669,-5737.60411007,-7065.60113469,-6560.58405046,-330.944980272,-5207.10861625,-25533.6182167,-8481.15133319,-8170.58687096,-9483.50180686,-5153.55363457,4264.41450426,-5817.04180156,-14215.9024624,-936.556376536,-16705.0861362,-2635.39908092,-19340.4852172,-12830.6593956,-32171.1446127,32.4441515384,43
"52",19,4,5,NA,NA,NA,NA,NA,NA,NA,NA,NA,NA,NA,NA,NA,NA,NA,NA,NA,NA,NA,NA,NA,NA,NA,NA,NA,NA,NA,NA,NA,NA,NA,NA,NA,NA,NA,NA
"53",19,5,1,130700,22023.8825555,14226.5371997,2492.31675593,2069.55405891,34639.6107842,75451.9013542,-131.817815608,64.9800114767,4130.93938409,1064.56450268,578.075049732,81158.6424866,-20034.5753328,-4130.93938409,-26.5035960214,-4353.94201224,-2236.21834736,-312.526430757,-2909.08969778,-22754.4963275,-1833.72472073,-6913.14740245,-4051.19970161,-4434.96591048,7167.3136228,-4538.81355011,-6240.46844682,-957.786889824,-4569.75526396,-2698.91930375,-7268.67456771,-13893.7446098,-21162.4191775,9.47485462892,11
"54",19,5,5,NA,NA,NA,NA,NA,NA,NA,NA,NA,NA,NA,NA,NA,NA,NA,NA,NA,NA,NA,NA,NA,NA,NA,NA,NA,NA,NA,NA,NA,NA,NA,NA,NA,NA,NA,NA
"55",19,6,1,250089,37182.9752681,15246.6755579,8219.90611742,1476.55927638,45337.2053933,107463.321613,-3225.05049686,398.091199973,8652.13750801,902.435208506,1669.43977612,115860.374809,-32593.0901606,-8652.13750801,-3670.19530567,-6855.72124604,-4180.36156012,-560.359674436,-4702.28716425,-28438.0468041,-5107.542592,-7351.68405328,-7462.9358306,-6048.76823195,237.244677735,-6968.68818241,-14487.1695413,-1385.87558745,-22604.4886334,-2539.67943144,-25144.1680649,-12016.5503851,-37160.71845,18.6309684552,46
"56",19,6,5,NA,NA,NA,NA,NA,NA,NA,NA,NA,NA,NA,NA,NA,NA,NA,NA,NA,NA,NA,NA,NA,NA,NA,NA,NA,NA,NA,NA,NA,NA,NA,NA,NA,NA,NA,NA
"57",19,7,1,93400,35816.3921306,16160.8960787,4341.52157388,1803.32349572,50662.3720182,108784.505297,1728.19386242,52.4863062099,8824.83900161,1012.75272484,1346.00970289,121748.786895,-30536.8255434,-8824.83900161,-4209.60594218,-5321.98482869,-1355.55302998,-191.28996788,-3728.14668094,-28789.4735011,-3945.81067987,-8532.4401606,-8703.91487687,-5308.23473769,12300.6679443,-8128.45551124,-18962.2742559,-1649.45677463,-16439.5185974,-744.826033191,-17184.3446306,-15350.6752543,-32535.0198849,16.3415310493,15
"58",19,7,5,NA,NA,NA,NA,NA,NA,NA,NA,NA,NA,NA,NA,NA,NA,NA,NA,NA,NA,NA,NA,NA,NA,NA,NA,NA,NA,NA,NA,NA,NA,NA,NA,NA,NA,NA,NA
"59",19,8,1,114800,59359.5797038,16962.2397474,20679.8507666,3042.40936411,58667.0140157,158711.093598,-1653.2765331,53.0628571429,8027.97735192,5106.62849303,3270.00660279,173515.492369,-45878.932047,-8027.97735192,0,-14255.7907753,-5758.20038328,-173.809512195,-5645.54152439,-32882.9240592,-9955.38222997,-9362.00043554,-15602.7902352,-9344.77468641,16627.3691289,-18151.5601742,-21520.6631533,-1184.41084495,-24229.2650436,-2574.64686411,-26803.9119077,-23343.3598519,-50147.2717596,24.6668989547,13
"60",19,8,5,NA,NA,NA,NA,NA,NA,NA,NA,NA,NA,NA,NA,NA,NA,NA,NA,NA,NA,NA,NA,NA,NA,NA,NA,NA,NA,NA,NA,NA,NA,NA,NA,NA,NA,NA,NA
"61",19,9,1,73299,38798.1852842,10664.0438408,0,1455.10913273,38646.816839,89564.1550968,-156.586089851,146.4605438,11156.6375356,1402.21967803,2419.64072975,104532.527494,-25050.7164431,-11156.6375356,-4030.20648304,-7564.76921377,-1506.40092102,-71.6677316198,-2717.62927339,-24992.7645834,-2964.29608699,-7025.69180466,-7135.49279513,-4138.06370605,6178.19091638,-7234.174071,-13184.8881112,-829.703094449,-15070.5743602,-1626.17368027,-16696.7480405,-10407.3002745,-27104.048315,17.6758441452,30
"62",19,9,5,NA,NA,NA,NA,NA,NA,NA,NA,NA,NA,NA,NA,NA,NA,NA,NA,NA,NA,NA,NA,NA,NA,NA,NA,NA,NA,NA,NA,NA,NA,NA,NA,NA,NA,NA,NA
"63",19,10,1,120999,51260.8988421,8483.32689526,17221.0460667,2535.68009653,54326.0319094,133826.98381,-5117.02489277,36.4954421111,16544.2097621,1203.10511136,3671.30464963,150165.073882,-38171.9062181,-16544.2097621,-2097.64973264,-9340.1308172,-7896.75038339,-699.141298688,-5486.94550104,-34388.4596567,-4676.31574641,-8272.21184497,-10449.1828494,-6780.68398218,5361.48608964,-8144.09968578,-13663.8282015,-930.387322705,-17376.8291203,-3604.85323135,-20981.6823517,-8063.70601344,-29045.3883651,27.2188365193,30
"64",19,10,5,NA,NA,NA,NA,NA,NA,NA,NA,NA,NA,NA,NA,NA,NA,NA,NA,NA,NA,NA,NA,NA,NA,NA,NA,NA,NA,NA,NA,NA,NA,NA,NA,NA,NA,NA,NA
"65",19,11,1,255790,74461.9145993,5498.42889257,13221.1098284,2869.06039071,55017.678591,151068.192302,4477.48530161,164.953146096,17845.1578174,1165.97890363,2473.93834696,177195.705818,-44957.7336702,-17845.1578174,-10544.0326824,-12741.4623342,-11070.676561,-834.58183807,-5699.35541221,-34454.0489581,-4027.91048743,-9931.83007295,-10840.9512111,-7331.45287298,6916.51189953,-8138.39586462,-12991.2813199,-2747.7453671,-16960.9106521,-2913.77758744,-19874.6882395,-11048.7335449,-30923.4217844,36.8504907932,72
"66",19,11,5,1,555.79,43541.4,416.89,2436.01,54281.89,101231.98,-4026.15,2078.72,1582.19,339.17,2615.52,103821.43,-29557.72,-1582.19,-12.88,-5270.89,-1672.81,-361.88,-2621.2,-18136.63,-10837.05,-7571.94,-10009.92,-5383.93,10708.52,-3665.89,-18013.63,-1920.54,-12891.55,-2715.77,-15607.31,-18623.71,-34231.02,0.19,-2
"67",20,-1,1,1848327,41642.9606897,21803.09849,14307.4995412,2047.06474642,47022.9490023,126823.57247,634.090264742,172.411977453,8603.95988576,964.866057115,2848.51285015,140047.413505,-38446.9171621,-8603.95988576,-4925.33604424,-7761.05404041,-6017.16323342,-371.748111103,-5758.08738527,-27160.6923962,-6280.80435957,-7830.16218221,-8953.36747253,-5987.03098949,11861.3184477,-6882.63813969,-14159.748297,-1341.08939638,-10522.1573854,-2462.33229196,-12984.4896773,-12690.0128496,-25674.5025269,21.4430959349,415
"68",20,-1,5,NA,NA,NA,NA,NA,NA,NA,NA,NA,NA,NA,NA,NA,NA,NA,NA,NA,NA,NA,NA,NA,NA,NA,NA,NA,NA,NA,NA,NA,NA,NA,NA,NA,NA,NA,NA
"69",20,1,1,239675,15038.9133008,27676.9534561,17349.967884,1039.53718544,45328.0613617,106433.433188,2346.01406317,173.971459351,4984.29279036,471.220134307,4422.21620436,118831.14784,-29981.2139378,-4984.29279036,-537.400275373,-6257.439569,-6720.52974891,-124.843463774,-5244.69024078,-23741.6592198,-7236.89600509,-8043.64848144,-10402.6564953,-6297.11679841,9070.10534257,-4784.08142001,-12771.8455637,-1475.01348459,-9960.83512577,-1551.94982184,-11512.7849476,-12684.9836358,-24197.7685834,6.84966859289,64
"70",20,1,5,NA,NA,NA,NA,NA,NA,NA,NA,NA,NA,NA,NA,NA,NA,NA,NA,NA,NA,NA,NA,NA,NA,NA,NA,NA,NA,NA,NA,NA,NA,NA,NA,NA,NA,NA,NA
"71",20,2,1,405584,36304.2152179,32933.3571638,21490.8696446,1326.91379307,44008.9323003,136064.28812,5097.91182044,244.9604047,5125.12979908,827.083707666,4202.60089895,151561.97475,-44479.6128888,-5125.12979908,-6950.8296851,-6898.09428875,-6251.92209826,-338.574700333,-6644.61946968,-23878.0619253,-8102.41936139,-6702.7083707,-8304.85680673,-5970.6415491,21616.879561,-6899.86129278,-13736.529047,-1479.04955817,-498.560336971,-3291.96908411,-3790.52942108,-16208.209453,-19998.7388741,24.1233632244,100
"72",20,2,5,NA,NA,NA,NA,NA,NA,NA,NA,NA,NA,NA,NA,NA,NA,NA,NA,NA,NA,NA,NA,NA,NA,NA,NA,NA,NA,NA,NA,NA,NA,NA,NA,NA,NA,NA,NA
"73",20,4,1,212097,47707.7829127,27151.5562689,16232.7846127,2690.40889914,47260.8857264,141043.41842,-4158.12949235,347.226117107,9371.62388968,439.51684748,2556.56500285,149600.220785,-49257.3483293,-9371.62388968,-6822.56464259,-7289.83303356,-7341.54476961,-394.352436715,-5420.65879145,-26719.7064338,-10454.6670642,-7999.54765065,-9738.59487654,-5734.95382108,3054.82504552,-4883.08551436,-15751.8240611,-953.70027247,-18533.7848024,-2172.00192506,-20705.7867274,-11344.1034653,-32049.8901928,26.25320443,36
"74",20,4,5,NA,NA,NA,NA,NA,NA,NA,NA,NA,NA,NA,NA,NA,NA,NA,NA,NA,NA,NA,NA,NA,NA,NA,NA,NA,NA,NA,NA,NA,NA,NA,NA,NA,NA,NA,NA
"75",20,5,1,129400,21754.2057651,26457.3249691,2413.30251932,2841.32933539,37199.0021291,90665.1647179,-3378.64686631,34.5300347759,4730.51102782,1007.13379444,679.374656105,93738.0673648,-24397.1883076,-4730.51102782,-135.417774343,-4177.64588485,-2924.34074961,-154.944733385,-2538.40083849,-21519.549575,-2924.41841577,-6888.19941654,-4050.13914606,-4389.91010433,14907.401391,-4299.55533617,-8989.71156878,-1065.50452859,552.629957496,-2336.56187017,-1783.93191267,-13430.6634892,-15214.5954019,9.06095440495,11
"76",20,5,5,NA,NA,NA,NA,NA,NA,NA,NA,NA,NA,NA,NA,NA,NA,NA,NA,NA,NA,NA,NA,NA,NA,NA,NA,NA,NA,NA,NA,NA,NA,NA,NA,NA,NA,NA,NA
"77",20,6,1,246691,42294.2853438,12355.6362446,12310.3737064,1986.50207126,44811.5791767,113758.376543,760.409649562,197.560134825,7899.30957801,1020.77268952,1748.42113543,125384.84973,-30507.1563564,-7899.30957801,-6660.10224305,-7037.11912603,-3860.39670705,-584.967809811,-6237.4185963,-30169.8252466,-4377.52355056,-7374.47712405,-8347.80878447,-5358.46862228,6970.2759855,-7011.0248534,-13393.8759358,-1277.29753214,-14711.9223359,-2968.52402471,-17680.4463606,-10113.9996183,-27794.4459789,18.3467445103,45
"78",20,6,5,NA,NA,NA,NA,NA,NA,NA,NA,NA,NA,NA,NA,NA,NA,NA,NA,NA,NA,NA,NA,NA,NA,NA,NA,NA,NA,NA,NA,NA,NA,NA,NA,NA,NA,NA,NA
"79",20,7,1,90098,27011.6228509,33018.6345455,5445.50156496,1401.75913117,59290.6088706,126168.126963,3546.86183267,40.6100024418,8674.06023463,1096.74899509,1540.81156296,141067.219591,-36921.2340791,-8674.06023463,-1326.75784146,-4938.24440143,-1848.74680903,-0.266326666519,-4916.30043375,-32485.1847388,-3916.29053919,-8968.82236276,-8556.28248352,-6181.73772004,22333.2916205,-9002.62094763,-20566.7604928,-2543.92967879,-9780.01949877,-992.475813004,-10772.4953118,-14170.177122,-24942.6724338,13.5193134143,13
"80",20,7,5,NA,NA,NA,NA,NA,NA,NA,NA,NA,NA,NA,NA,NA,NA,NA,NA,NA,NA,NA,NA,NA,NA,NA,NA,NA,NA,NA,NA,NA,NA,NA,NA,NA,NA,NA,NA
"81",20,8,1,92498,32491.6614738,22478.7866581,12467.3132824,1640.97420982,47038.8145915,116117.550216,512.81666436,139.779216848,9052.63485913,2048.35039677,1898.66219832,129769.793551,-35979.2971301,-9052.63485913,-708.663971113,-9857.5931218,-4843.2036044,-17.4778265476,-6615.93556877,-26734.9242665,-6750.57665571,-8747.33374905,-7996.47651582,-6180.75564401,6284.92063807,-12344.638065,-22113.1945052,-1220.17803001,-29393.0899622,-1376.10726135,-30769.1972235,-20741.4774082,-51510.6746317,13.0401738416,13
"82",20,8,5,NA,NA,NA,NA,NA,NA,NA,NA,NA,NA,NA,NA,NA,NA,NA,NA,NA,NA,NA,NA,NA,NA,NA,NA,NA,NA,NA,NA,NA,NA,NA,NA,NA,NA,NA,NA
"83",20,9,1,73100,40321.139487,12124.7552018,0,1565.7073461,40215.9926231,94227.594658,-2205.34961696,1.74377564979,9644.51734952,1423.89626539,1787.27862175,104879.681053,-25345.5358413,-9644.51734952,-3220.27578659,-7452.82341655,-1584.27918263,-87.2827770178,-2715.76293092,-23651.974829,-3221.71970588,-7305.31105677,-9630.17660739,-5144.7946238,5875.22694596,-6290.92525992,-12778.9397093,-1001.93734952,-14196.5753728,-1328.71476744,-15525.2901402,-8810.9904104,-24336.2805506,18.314244186,31
"84",20,9,5,NA,NA,NA,NA,NA,NA,NA,NA,NA,NA,NA,NA,NA,NA,NA,NA,NA,NA,NA,NA,NA,NA,NA,NA,NA,NA,NA,NA,NA,NA,NA,NA,NA,NA,NA,NA
"85",20,10,1,121597,50201.1921773,9085.22659918,16888.8500703,3704.3017285,49674.4446421,129554.015217,-2406.43327705,167.351577177,14487.1027418,1214.49187735,2581.98765455,145598.515791,-37605.5343511,-14487.1027418,-1504.33688331,-8732.64409064,-9407.24131574,-608.543952482,-5357.55538122,-31205.6196502,-4761.62111606,-7497.73462849,-9650.56962927,-7302.46745726,7477.5445937,-7726.65948782,-13804.1371798,-795.223823038,-14848.4758969,-3415.14584291,-18263.6217398,-7278.49311397,-25542.1148538,26.1167685058,31
"86",20,10,5,NA,NA,NA,NA,NA,NA,NA,NA,NA,NA,NA,NA,NA,NA,NA,NA,NA,NA,NA,NA,NA,NA,NA,NA,NA,NA,NA,NA,NA,NA,NA,NA,NA,NA,NA,NA
"87",20,11,1,237587,87474.3157996,4347.71970638,12966.6301944,3051.52805966,57391.16225,165231.35601,-1008.22983606,57.7046452037,16817.7205739,1345.14529604,2862.32721685,185306.023906,-48934.9762581,-16817.7205739,-10289.77091,-13726.8700391,-9315.11455715,-799.094528657,-7445.99562396,-33711.1420688,-4717.32591367,-9917.18042296,-11154.7550697,-6886.37704487,11589.700895,-8848.47715927,-13552.8132476,-1507.29010661,-12318.8796185,-2607.96905281,-14926.8486713,-10429.2008178,-25356.0494891,42.1010977452,71
"88",20,11,5,1,266.65,41401.31,323.48,1974.8,52309.09,96275.32,5416.6,103.35,1398.17,596.37,2637.87,106427.69,-27952.79,-1398.17,-87.18,-5313.55,-950.24,-333.8,-2933.73,-17128.81,-11414.55,-7307.31,-9761.28,-5305.56,16373.54,-4037.43,-17512.13,-2193.86,-7369.88,-2505,-9874.88,-16534.66,-26409.54,0.14,-2
"89",21,-1,1,1834051,40646.2394033,25860.9656781,12545.474216,2056.66500292,48529.6939275,129639.038228,-905.246426942,181.169204428,9657.93678507,1095.2395375,3953.2525624,143621.38989,-37927.098416,-9657.93678507,-5151.19206614,-8141.39402138,-5547.92290847,-551.433850504,-5220.90001254,-26579.1423717,-6803.47237593,-8021.4147059,-9834.49068369,-6124.45015918,14060.5415338,-6650.25065087,-14344.1586354,-1385.16216883,-8319.02992128,-2341.07896348,-10660.1088848,-14204.8653066,-24864.9741913,25.0908452982,396
"90",21,-1,5,NA,NA,NA,NA,NA,NA,NA,NA,NA,NA,NA,NA,NA,NA,NA,NA,NA,NA,NA,NA,NA,NA,NA,NA,NA,NA,NA,NA,NA,NA,NA,NA,NA,NA,NA,NA
"91",21,1,1,231794,16476.9184484,33155.2265117,13986.8241413,1829.99705342,49377.9621706,114826.928325,-1809.47883129,448.973969559,6038.02164068,555.282657618,8719.33406145,128779.061824,-33566.2442297,-6038.02164068,-697.580769994,-5556.0069246,-6544.66903224,-85.0885317135,-5173.84670104,-22686.9948316,-8129.87476052,-8535.15866071,-10501.6525439,-6682.98225666,14580.9409401,-4486.6352752,-14986.4434509,-1369.09331001,-6261.23109597,-1750.07432487,-8011.30542085,-14802.6736362,-22813.9790571,7.20044660345,61
"92",21,1,5,NA,NA,NA,NA,NA,NA,NA,NA,NA,NA,NA,NA,NA,NA,NA,NA,NA,NA,NA,NA,NA,NA,NA,NA,NA,NA,NA,NA,NA,NA,NA,NA,NA,NA,NA,NA
"93",21,2,1,404388,31168.0979632,37519.0749075,22275.4444628,1988.57460879,46513.2568214,139464.448764,-3274.44590178,149.95852048,7004.57671449,1006.31984458,4225.93232015,148576.790262,-42852.2406762,-7004.57671449,-5333.64768648,-7742.86819015,-7434.00579953,-746.831218928,-5717.30052887,-23706.6404691,-9406.9128921,-6898.84075329,-9737.40444665,-6080.74958624,15914.7712995,-6267.89441536,-15546.1266192,-1550.10412218,-7449.35385719,-2493.31596049,-9942.66981768,-18716.5795665,-28659.2493841,18.5693126403,90
"94",21,2,5,NA,NA,NA,NA,NA,NA,NA,NA,NA,NA,NA,NA,NA,NA,NA,NA,NA,NA,NA,NA,NA,NA,NA,NA,NA,NA,NA,NA,NA,NA,NA,NA,NA,NA,NA,NA
"95",21,4,1,205700,51732.2678464,28595.6277248,6306.65107438,2587.36549951,43243.4206624,132465.332807,-603.155414439,106.881769567,6136.31329728,548.696071949,3445.28171366,142099.350246,-40174.9358872,-6136.31329728,-11528.6690666,-7817.35947375,-4588.1581089,-434.847756441,-3828.52991614,-25596.6203209,-8241.90083131,-7856.29639159,-8778.26279533,-5261.40129922,11856.0551009,-5302.60779898,-12899.5968182,-891.402111084,-7237.55162737,-2142.57905809,-9380.13068546,-12353.2502735,-21733.3809589,69.3680700049,32
"96",21,4,5,NA,NA,NA,NA,NA,NA,NA,NA,NA,NA,NA,NA,NA,NA,NA,NA,NA,NA,NA,NA,NA,NA,NA,NA,NA,NA,NA,NA,NA,NA,NA,NA,NA,NA,NA,NA
"97",21,5,1,131098,22546.829616,24858.2388837,2380.0712139,344.403746663,42208.0600218,92337.6034821,2389.56152451,62.4483668706,7874.55086424,620.575115105,2291.58296267,105576.322316,-29423.2420798,-7874.55086424,-426.606050436,-3710.04634075,-1853.88653526,-321.564642329,-2763.60980488,-26237.9071534,-4075.63544829,-8490.21074875,-4596.76773925,-3810.64509863,11991.6498095,-3714.6792308,-8655.10191048,-1164.89869777,-1543.0300296,-2895.77216784,-4438.80219744,-14796.4858906,-19235.288088,14.6049520206,10
"98",21,5,5,NA,NA,NA,NA,NA,NA,NA,NA,NA,NA,NA,NA,NA,NA,NA,NA,NA,NA,NA,NA,NA,NA,NA,NA,NA,NA,NA,NA,NA,NA,NA,NA,NA,NA,NA,NA
"99",21,6,1,238095,43430.7486271,18397.61521,13101.2801865,2707.7876228,46905.0394294,124542.471076,-1133.50157534,406.140746005,8271.3998858,1257.01707995,2270.20566656,135613.732879,-32116.2710072,-8271.3998858,-7683.28508961,-7897.26495777,-4479.06001621,-680.198672715,-5940.49457889,-27037.849329,-5633.79755858,-7579.50507193,-8794.46024024,-6456.37984443,13043.7666263,-7265.65253159,-14299.2396994,-1402.50001193,-9923.62561662,-2103.25145707,-12026.8770737,-10932.452939,-22959.3300126,18.6303563704,45
"100",21,6,5,NA,NA,NA,NA,NA,NA,NA,NA,NA,NA,NA,NA,NA,NA,NA,NA,NA,NA,NA,NA,NA,NA,NA,NA,NA,NA,NA,NA,NA,NA,NA,NA,NA,NA,NA,NA
"101",21,7,1,87498,26722.1263951,49494.685743,5164.85069373,4043.22222954,57682.0182923,143106.903354,-12055.6156477,167.558115614,9925.44198862,1127.54589133,3361.06612083,145632.899822,-38135.2777476,-9925.44198862,-183.946490205,-5869.88099911,-1100.74973142,-9.39005760132,-5620.7431811,-30050.9437016,-5571.85087659,-8374.97787675,-7279.57217011,-5824.41003474,27685.714967,-9123.5463174,-19150.7358996,-2500.25703056,-3088.82428055,-1186.16194862,-4274.98622917,-16203.0056159,-20477.9918451,14.034697936,13
"102",21,7,5,NA,NA,NA,NA,NA,NA,NA,NA,NA,NA,NA,NA,NA,NA,NA,NA,NA,NA,NA,NA,NA,NA,NA,NA,NA,NA,NA,NA,NA,NA,NA,NA,NA,NA,NA,NA
"103",21,8,1,114800,28068.6495993,28652.1427003,18118.4722474,2095.29050523,50396.2077613,127330.762814,-133.669433798,40.2395296167,11484.0595383,2711.80226481,2820.82536585,144254.020078,-35306.061507,-11484.0595383,-170.644599303,-11604.8195645,-5444.84787456,-545.871794425,-6100.30662892,-25179.7910105,-9204.81344948,-8361.33097561,-16685.8472213,-6927.90202962,7237.72388502,-11304.1796341,-18864.001128,-1369.43941638,-24299.8962936,-1788.65925087,-26088.5555444,-21920.0439068,-48008.5994512,11.9232229965,13
"104",21,8,5,NA,NA,NA,NA,NA,NA,NA,NA,NA,NA,NA,NA,NA,NA,NA,NA,NA,NA,NA,NA,NA,NA,NA,NA,NA,NA,NA,NA,NA,NA,NA,NA,NA,NA,NA,NA
"105",21,9,1,77797,43796.5486568,11540.1604329,0,2092.87435955,47385.531869,104815.115318,899.870714681,26.2903453861,10703.8384828,1631.1027681,2015.13019525,120091.347824,-27676.1808342,-10703.8384828,-3890.61049912,-7333.18487859,-1738.9847327,-80.3729578261,-3348.07207553,-26238.7473039,-3354.99247889,-7591.89967287,-7791.65421906,-5064.84341826,15277.9662707,-6260.72428577,-12507.0505699,-1397.71555895,-4887.52414399,-2090.38262337,-6977.90676736,-10864.1608977,-17842.0676651,18.6245639292,35
"106",21,9,5,NA,NA,NA,NA,NA,NA,NA,NA,NA,NA,NA,NA,NA,NA,NA,NA,NA,NA,NA,NA,NA,NA,NA,NA,NA,NA,NA,NA,NA,NA,NA,NA,NA,NA,NA,NA
"107",21,10,1,112396,44684.5903888,11970.8081929,5597.44094986,2976.28597601,49137.6400967,114366.765604,5480.2538698,21.2377664686,15832.467262,719.031703174,3000.02941279,139419.785619,-32090.4078373,-15832.467262,-5996.35680095,-10143.9328702,-5646.63857388,-1022.63485907,-4684.22102833,-29810.1175131,-4529.73466876,-7681.63399738,-13046.408257,-7378.6412641,1556.5906865,-6538.05172061,-12302.5448077,-768.370186217,-18052.3760281,-3299.30244146,-21351.6784695,-6443.34295678,-27795.0214263,25.9325292715,29
"108",21,10,5,NA,NA,NA,NA,NA,NA,NA,NA,NA,NA,NA,NA,NA,NA,NA,NA,NA,NA,NA,NA,NA,NA,NA,NA,NA,NA,NA,NA,NA,NA,NA,NA,NA,NA,NA,NA
"109",21,11,1,230485,87624.7114741,5155.67040588,12449.2287134,997.691155346,56891.8752284,163119.176977,2378.50573165,73.6590109985,19168.2292591,1570.05354578,3726.66534378,190036.289868,-50037.7772905,-19168.2292591,-8069.65884136,-12936.0982274,-8275.33137658,-917.144747077,-6598.31010209,-34048.6473306,-3922.16390342,-9818.67818366,-11010.6969926,-6842.61387687,18390.9397372,-8662.97218895,-13700.6157202,-1541.02197076,-5513.67014279,-3106.59500375,-8620.26514654,-10695.4635339,-19315.7286804,40.1749959,68
"110",21,11,5,1,88.76,53905.07,135.43,2328.39,57129.15,113586.79,1434.44,593,1610.3,888.04,3943.15,122055.72,-30008.79,-1610.3,-12.22,-5749.09,-906.54,-343.02,-2639.11,-18202.38,-12300.49,-8001.4,-9967.06,-5864.42,26400,-4357.83,-18914.72,-1980.5,1146.94,-2761.98,-1615.03,-19360.34,-20975.37,0.07,-2
"111",22,-1,1,1811848,42897.0724634,24578.8443399,15266.1967438,2740.79468759,50981.9431162,136464.851351,3119.377779,156.713820762,9505.71730161,1084.66449165,3610.64885856,153941.973602,-42926.1335736,-9505.71730161,-5874.14548916,-9127.7375705,-5877.1784093,-660.979606523,-5723.78716289,-26790.0904265,-7408.95382938,-7789.890407,-10450.3574465,-6530.33370571,15276.6686738,-6932.9566616,-14617.0882264,-1381.58023709,-7654.95645122,-2527.97541324,-10182.9318645,-14946.2366135,-25129.168478,20.7291484164,408
"112",22,-1,5,NA,NA,NA,NA,NA,NA,NA,NA,NA,NA,NA,NA,NA,NA,NA,NA,NA,NA,NA,NA,NA,NA,NA,NA,NA,NA,NA,NA,NA,NA,NA,NA,NA,NA,NA,NA
"113",22,1,1,228189,15755.3400903,28486.0945605,19269.8442125,4368.72056374,49680.379278,117560.378705,1271.6572592,51.5538842801,5765.89709692,785.39948306,8149.61269426,133584.499123,-36099.6526193,-5765.89709692,-202.145725692,-6196.80219761,-7707.2581791,-77.9611908988,-5652.22106184,-23335.6260994,-8018.59334245,-7849.01586637,-10996.7839171,-6841.75998181,14840.7818441,-4944.03803803,-14841.1078934,-1452.53683863,-6396.90092594,-1789.24627966,-8186.14720561,-16504.4874129,-24690.6346185,6.77301973364,59
"114",22,1,5,NA,NA,NA,NA,NA,NA,NA,NA,NA,NA,NA,NA,NA,NA,NA,NA,NA,NA,NA,NA,NA,NA,NA,NA,NA,NA,NA,NA,NA,NA,NA,NA,NA,NA,NA,NA
"115",22,2,1,396482,40519.5298823,38618.3565888,28129.4931265,2612.4441894,50538.2604105,160418.084198,2089.77069365,102.627867091,6394.28162739,1106.50290956,3966.44271964,174077.710015,-51428.6965232,-6394.28162739,-9081.74109327,-8846.72397395,-7127.26747144,-870.019093048,-7139.05480135,-27216.6937818,-10383.9707307,-7814.47646158,-11517.5291643,-7377.02146123,18880.2338316,-7691.15609478,-15480.3994898,-1735.3273251,-6026.64907802,-3880.0313249,-9906.68040292,-20444.2497731,-30350.930176,22.7166085724,95
"116",22,2,5,NA,NA,NA,NA,NA,NA,NA,NA,NA,NA,NA,NA,NA,NA,NA,NA,NA,NA,NA,NA,NA,NA,NA,NA,NA,NA,NA,NA,NA,NA,NA,NA,NA,NA,NA,NA
"117",22,4,1,199800,56422.4918218,26394.5693631,13094.4710711,3847.50676426,42115.2080918,141874.247112,1523.57964464,804.640655656,7561.1921021,884.329082833,3792.77466216,156440.76326,-53900.4878116,-7561.1921021,-9187.01674675,-9844.30758258,-6280.6523974,-294.053583584,-5625.63352728,-24675.7637638,-7507.63174925,-7287.95037412,-9430.70866116,-5741.9711524,9103.39380756,-6100.65854855,-14497.6856557,-864.818538539,-12359.7689352,-2200.46043794,-14560.2293731,-12031.5446772,-26591.7740503,27.414024024,36
"118",22,4,5,NA,NA,NA,NA,NA,NA,NA,NA,NA,NA,NA,NA,NA,NA,NA,NA,NA,NA,NA,NA,NA,NA,NA,NA,NA,NA,NA,NA,NA,NA,NA,NA,NA,NA,NA,NA
"119",22,5,1,127400,24769.8795918,35797.4519466,2470.63657771,1362.42958399,51469.316405,115869.714105,5567.25456829,105.178461538,6194.3933595,752.079529042,971.874529042,129460.494553,-32738.9271429,-6194.3933595,-378.219466248,-5024.17963893,-2232.29889325,-152.443069074,-3021.07088697,-28193.3437991,-7120.80145997,-7567.57868917,-9200.99383046,-4929.3039168,22706.9404003,-4733.62175824,-12287.9134066,-1249.31783359,4436.08740188,-2414.45959184,2021.62781005,-18590.4636264,-16568.8358163,13.8966718995,13
"120",22,5,5,NA,NA,NA,NA,NA,NA,NA,NA,NA,NA,NA,NA,NA,NA,NA,NA,NA,NA,NA,NA,NA,NA,NA,NA,NA,NA,NA,NA,NA,NA,NA,NA,NA,NA,NA,NA
"121",22,6,1,231795,44382.4922611,19623.7464116,9662.69951466,2796.88066917,53608.4390535,130074.25791,5892.44022779,60.4832083522,9761.23098635,1414.09026079,2929.11834897,150131.620942,-37466.4731486,-9761.23098635,-11657.1060724,-9859.99846123,-3839.31566479,-1540.21391221,-6135.84103035,-27403.6785953,-6935.24242443,-7401.2853493,-11082.5662476,-6082.00921698,10966.6598327,-8112.06216696,-13189.8784881,-1512.29367829,-11847.5745007,-2305.14459233,-14152.719093,-12524.2996196,-26677.0187126,15.3717585798,41
"122",22,6,5,NA,NA,NA,NA,NA,NA,NA,NA,NA,NA,NA,NA,NA,NA,NA,NA,NA,NA,NA,NA,NA,NA,NA,NA,NA,NA,NA,NA,NA,NA,NA,NA,NA,NA,NA,NA
"123",22,7,1,105100,23076.1737012,30272.6731185,5425.60211227,1432.23014748,51990.5396361,112197.218716,1761.95221931,140.821484301,8534.68228116,864.882457184,2145.57617745,125645.133335,-33334.3155376,-8534.68228116,-55.875356803,-7132.3498882,-1368.80027117,-0.776403425309,-4855.24381066,-27603.6162036,-6953.77768078,-8258.65647479,-8234.36805423,-6364.74987155,12947.921501,-7562.19957897,-16342.5468958,-1553.98201951,-12510.8069933,-962.568950999,-13473.3759443,-16193.7092008,-29667.0851451,11.3859205519,14
"124",22,7,5,NA,NA,NA,NA,NA,NA,NA,NA,NA,NA,NA,NA,NA,NA,NA,NA,NA,NA,NA,NA,NA,NA,NA,NA,NA,NA,NA,NA,NA,NA,NA,NA,NA,NA,NA,NA
"125",22,8,1,114198,19390.6652568,18900.8103284,14728.4279847,2703.76340636,54256.9412885,109980.608265,10085.3289191,13.2659941505,5747.76196501,522.925616035,3233.98996664,129583.880726,-33825.609193,-5747.76196501,-49.6260880226,-9601.9547359,-4288.84300513,-990.952643654,-3144.00880585,-21363.6385926,-9037.3715284,-7137.57605729,-9239.02307843,-5067.11077033,20090.4042621,-5891.60245197,-17193.4064637,-1223.02085597,-4217.62550955,-1539.29373299,-5756.91924254,-15325.6242444,-21082.5434869,7.73404963309,20
"126",22,8,5,NA,NA,NA,NA,NA,NA,NA,NA,NA,NA,NA,NA,NA,NA,NA,NA,NA,NA,NA,NA,NA,NA,NA,NA,NA,NA,NA,NA,NA,NA,NA,NA,NA,NA,NA,NA
"127",22,9,1,73298,39703.1380009,12309.8968831,0,2229.24489713,41366.9089305,95609.1887117,1039.81161246,2.41295124014,10251.5645948,1342.1005022,1326.78218846,109571.860561,-26719.9803031,-10251.5645948,-4011.3934623,-7678.56695981,-2412.51555445,-68.2528575132,-3153.47601285,-22279.4248138,-3026.18823297,-6888.86865535,-8867.74614723,-5261.57707605,8952.30589061,-5661.02358414,-10405.6636248,-1099.47947788,-8213.8607962,-1982.20642214,-10196.0672183,-10128.8508476,-20324.918066,17.7258623701,39
"128",22,9,5,NA,NA,NA,NA,NA,NA,NA,NA,NA,NA,NA,NA,NA,NA,NA,NA,NA,NA,NA,NA,NA,NA,NA,NA,NA,NA,NA,NA,NA,NA,NA,NA,NA,NA,NA,NA
"129",22,10,1,112398,55164.9496784,8925.49061371,16656.8648375,752.942387409,53397.8834445,134898.130961,2624.33857631,17.3914340113,16566.3209707,1212.4100605,2384.72388032,157703.315883,-42551.0804407,-16566.3209707,-2962.77625047,-11919.584239,-8767.6640587,-688.089358974,-5400.45307755,-29382.3807541,-4822.00177886,-7969.44799463,-11227.4572326,-9275.46076807,6170.59895897,-8338.60085758,-15647.6238681,-679.411865514,-18495.0376323,-4207.97105785,-22703.0086901,-7351.46718483,-30054.4758749,32.4902605029,27
"130",22,10,5,NA,NA,NA,NA,NA,NA,NA,NA,NA,NA,NA,NA,NA,NA,NA,NA,NA,NA,NA,NA,NA,NA,NA,NA,NA,NA,NA,NA,NA,NA,NA,NA,NA,NA,NA,NA
"131",22,11,1,223188,87799.1084298,4896.88440373,12611.959039,2846.4513826,57822.8243978,165977.227653,1996.04822405,111.358730039,20801.6023863,1620.93970796,2639.02943442,193146.206136,-51146.5863446,-20801.6023863,-7938.58765722,-13330.9032542,-8239.09472637,-914.393557808,-7221.43839539,-32587.9578472,-4192.10603635,-8984.10332271,-10757.0014175,-6653.97578571,20378.4554043,-8341.81504543,-14506.4646532,-1529.17825098,-3999.00254534,-2047.03478422,-6046.03732956,-11255.813411,-17301.8507406,41.0594320035,64
"132",22,11,5,1,169.41,51461.57,181.58,4104.32,57557.4,113474.28,3976.63,90.53,2127.38,636.99,3193.95,123499.75,-31407.43,-2127.38,-115.97,-5379.37,-905.32,-557.19,-2965.21,-18349.89,-12100.25,-7936.89,-11058.88,-6036.97,24559.01,-4153.76,-18704.23,-2009.85,-308.83,-3069.08,-3377.9,-19383.7,-22761.59,0.13,-2
"133",23,-1,1,1766242,39157.2032489,26421.9949301,19494.3185001,2078.01144905,49804.6898579,136956.217986,-406.038808244,152.547844961,9853.46722757,1070.15647248,3528.18567096,151154.536394,-39727.9610803,-9853.46722757,-4194.04196743,-9886.34802074,-7168.45931257,-561.102531878,-5937.22606239,-25492.7104395,-7786.47119339,-7782.49929861,-10984.2110239,-6619.29403442,15160.7442012,-6926.80973067,-15078.7846321,-1294.95036616,-8139.80052776,-2470.34206711,-10610.1425949,-13557.3687072,-24167.511302,18.42464228,407
"134",23,-1,5,NA,NA,NA,NA,NA,NA,NA,NA,NA,NA,NA,NA,NA,NA,NA,NA,NA,NA,NA,NA,NA,NA,NA,NA,NA,NA,NA,NA,NA,NA,NA,NA,NA,NA,NA,NA
"135",23,1,1,222785,18187.0775079,30382.9128326,27164.8973809,1912.68462046,49128.6251184,126776.19746,-402.678418745,100.642362367,5987.0592947,1176.96593043,8243.45258774,141881.639217,-37745.7528549,-5987.0592947,-228.351770541,-6643.01806737,-10088.699603,-134.453852189,-7573.6050143,-22967.1030994,-7750.30334861,-8568.79406239,-12104.4435242,-6691.15725816,15398.897467,-5986.11428907,-14900.6800695,-1462.07655466,-6949.97344624,-2031.41807819,-8981.39152443,-15097.3350835,-24078.7266079,7.22542271697,58
"136",23,1,5,NA,NA,NA,NA,NA,NA,NA,NA,NA,NA,NA,NA,NA,NA,NA,NA,NA,NA,NA,NA,NA,NA,NA,NA,NA,NA,NA,NA,NA,NA,NA,NA,NA,NA,NA,NA
"137",23,2,1,386886,32276.0202566,33219.2608637,29896.2884346,3024.62955152,45736.5160386,144152.715145,-1495.06808057,219.976524713,4609.87244116,849.430845184,3512.49542661,151849.422302,-45066.135945,-4609.87244116,-7051.65962971,-9594.29008294,-7949.53630651,-519.682885708,-7442.30638772,-23223.1968694,-8909.73997914,-7205.8435536,-10012.6443496,-7170.18022213,13094.3336493,-6138.82413546,-13587.7911009,-1480.09689265,-8112.37847968,-3300.74606946,-11413.1245491,-16934.6596723,-28347.7842214,16.1048730892,90
"138",23,2,5,NA,NA,NA,NA,NA,NA,NA,NA,NA,NA,NA,NA,NA,NA,NA,NA,NA,NA,NA,NA,NA,NA,NA,NA,NA,NA,NA,NA,NA,NA,NA,NA,NA,NA,NA,NA
"139",23,4,1,191598,58975.6417708,33211.3673834,16490.2212967,1954.77294205,46660.9502344,157292.953627,-284.440964624,396.703566843,10900.6330122,800.286920114,3031.07630074,172137.212463,-52453.7595294,-10900.6330122,-8746.65358198,-9455.34045324,-6240.77635988,-490.493808651,-6246.05758583,-26749.5857786,-9513.52551378,-7800.28724606,-12202.205179,-6291.87261986,15046.0217942,-6099.16329586,-14800.0111092,-903.497923256,-6756.65053414,-2512.9251951,-9269.57572924,-11947.682694,-21217.2584232,26.3460526728,32
"140",23,4,5,NA,NA,NA,NA,NA,NA,NA,NA,NA,NA,NA,NA,NA,NA,NA,NA,NA,NA,NA,NA,NA,NA,NA,NA,NA,NA,NA,NA,NA,NA,NA,NA,NA,NA,NA,NA
"141",23,5,1,127300,24240.6335428,45499.9489984,12104.3492694,2579.79497251,54567.8328594,138992.559643,-481.187175962,156.615231736,6085.96343284,1008.19958366,1679.72752553,147441.87824,-39015.7035271,-6085.96343284,-613.260204242,-6882.49921445,-5696.86269442,-779.160204242,-2983.35347604,-29340.005436,-11768.731956,-7513.52043205,-12334.6116496,-5536.80429694,18891.4017164,-7248.99282011,-22341.1594501,-836.161700707,-11534.9122545,-2296.71364886,-13831.6259034,-19494.2101728,-33325.8360762,15.6694658288,16
"142",23,5,5,NA,NA,NA,NA,NA,NA,NA,NA,NA,NA,NA,NA,NA,NA,NA,NA,NA,NA,NA,NA,NA,NA,NA,NA,NA,NA,NA,NA,NA,NA,NA,NA,NA,NA,NA,NA
"143",23,6,1,224595,27343.1479166,18710.777403,18805.7158218,1506.43117683,42162.9548523,108529.027171,-2884.84968668,82.3291653866,7676.48598535,566.199767003,4624.62243634,118593.814838,-26090.495815,-7676.48598535,-1704.65735515,-9857.0821614,-6713.7491588,-785.201819364,-5416.0950819,-24110.477544,-6919.62674267,-7300.42142105,-8643.94409982,-5767.23011803,7608.34753543,-8348.59580788,-10257.8409928,-1058.10178615,-12056.1910514,-2936.56174706,-14992.7527985,-9938.78077001,-24931.5335685,11.9371738463,37
"144",23,6,5,NA,NA,NA,NA,NA,NA,NA,NA,NA,NA,NA,NA,NA,NA,NA,NA,NA,NA,NA,NA,NA,NA,NA,NA,NA,NA,NA,NA,NA,NA,NA,NA,NA,NA,NA,NA
"145",23,7,1,102200,25672.0456654,45834.344638,6847.19015656,-1776.74125245,58161.5376614,134738.376869,-2400.21277886,160.121986301,9866.70370841,854.813855186,1375.55944227,144595.363082,-33864.1717221,-9866.70370841,-50.0189823875,-7246.75746575,-1672.58610568,-6.32876712329,-3095.91433464,-27265.4246575,-8107.56886497,-7939.50277886,-12914.8021233,-6495.19191781,26070.3916536,-7384.30478474,-21175.0058121,-2106.21632094,-4595.13526419,-929.971643836,-5525.10690802,-16745.3991389,-22270.506047,10.1276320939,14
"146",23,7,5,NA,NA,NA,NA,NA,NA,NA,NA,NA,NA,NA,NA,NA,NA,NA,NA,NA,NA,NA,NA,NA,NA,NA,NA,NA,NA,NA,NA,NA,NA,NA,NA,NA,NA,NA,NA
"147",23,8,1,110198,23167.5529142,23982.3398338,13272.5737218,1830.80655402,48783.4004472,111036.673471,4229.85380315,24.6511718906,8950.74583586,544.583390806,1955.9024122,126742.410085,-29587.2821881,-8950.74583586,-2192.34443456,-9122.08091236,-3434.55280441,-1516.94151836,-3780.30548268,-19082.8893083,-7800.17378718,-7044.04548576,-10033.7556689,-5288.86595383,18908.4267047,-4983.20797165,-16143.6316757,-983.371339952,-3201.78428265,-2339.16710412,-5540.95138678,-11570.2717107,-17111.2230975,10.885133124,22
"148",23,8,5,NA,NA,NA,NA,NA,NA,NA,NA,NA,NA,NA,NA,NA,NA,NA,NA,NA,NA,NA,NA,NA,NA,NA,NA,NA,NA,NA,NA,NA,NA,NA,NA,NA,NA,NA,NA
"149",23,9,1,76092,38526.493521,14357.9498398,173.819061137,2739.76774812,50023.3773996,105821.40757,963.151475057,33.5581664301,11156.0313016,1421.57348092,1258.56836685,120654.29036,-25421.2449448,-11156.0313016,-3837.81792764,-9907.75979827,-2126.74128686,-117.376444961,-3370.10435775,-25020.0874731,-4641.84366162,-7620.28132314,-8771.55161397,-5260.60066104,13402.8495658,-5526.36142538,-11576.97248,-1423.59001945,-5124.07435907,-1493.14517387,-6617.21953293,-10662.6756722,-17279.8952051,17.7994204384,46
"150",23,9,5,NA,NA,NA,NA,NA,NA,NA,NA,NA,NA,NA,NA,NA,NA,NA,NA,NA,NA,NA,NA,NA,NA,NA,NA,NA,NA,NA,NA,NA,NA,NA,NA,NA,NA,NA,NA
"151",23,10,1,108896,53176.1562096,9101.1409409,24257.655249,2232.79765299,53195.903647,141963.653699,1373.1798808,43.6379665001,16525.2591675,1227.44234664,1896.91411787,163030.087179,-42356.6964987,-16525.2591675,-2535.81896948,-12620.0805003,-10901.8026449,-513.652841059,-5543.52566375,-29408.8251543,-5076.05799662,-7865.64477226,-10329.8051276,-8616.8641524,10736.0536899,-7729.20562225,-15568.0003495,-679.991232919,-13241.1435147,-3514.65784345,-16755.8013582,-7377.60981707,-24133.4111752,28.4565534088,30
"152",23,10,5,NA,NA,NA,NA,NA,NA,NA,NA,NA,NA,NA,NA,NA,NA,NA,NA,NA,NA,NA,NA,NA,NA,NA,NA,NA,NA,NA,NA,NA,NA,NA,NA,NA,NA,NA,NA
"153",23,11,1,215692,84363.9859717,5926.56185264,14242.8480426,2600.49526311,60511.4494449,167645.340575,1256.43735173,97.7645513046,23439.6815146,2323.96809761,2524.34130765,197287.533398,-47196.0645905,-23439.6815146,-7774.94188009,-16199.8253962,-9322.75391544,-731.768098446,-7111.70130951,-30848.8167201,-5145.83380144,-8967.75498428,-12809.5698036,-7583.23973337,20155.5816501,-9241.58784401,-16474.3113857,-1695.23711005,-7255.55468965,-1627.7682838,-8883.32297345,-11248.6732974,-20131.9962708,38.4369633552,62
"154",23,11,5,1,111.64,47188.22,700,3246.17,53384.37,104630.41,2952.22,92.16,1891.53,751.15,2605.97,112923.44,-27714.53,-1891.53,0,-6143.13,-996.77,-425.59,-2414.47,-17244.9,-11011.11,-7302.63,-10031.18,-5702.88,21428.6,-4275.38,-18421.82,-1805.26,-3073.86,-2727.14,-5801,-18032.62,-23833.64,0.12,-2
"155",24,-1,1,1687551,36313.9381618,26021.5821437,26411.7696779,2393.31619322,49934.9588285,141075.565005,5084.35440912,281.324207215,10354.2674462,1143.15280824,3097.29896479,161035.962841,-42089.560543,-10354.2674462,-3225.96682731,-9379.75815965,-8937.55682255,-880.998272965,-6433.90100457,-25613.6471941,-7104.88038891,-7961.61444687,-10401.4168976,-7002.90465239,21588.6540972,-7391.24265628,-16245.3668352,-1443.37342326,-3491.32881757,-2186.71981182,-5678.04862939,-13600.2592081,-19278.3078374,16.0127480651,385
"156",24,-1,5,NA,NA,NA,NA,NA,NA,NA,NA,NA,NA,NA,NA,NA,NA,NA,NA,NA,NA,NA,NA,NA,NA,NA,NA,NA,NA,NA,NA,NA,NA,NA,NA,NA,NA,NA,NA
"157",24,1,1,215787,18864.08663,29412.7156306,37599.9635531,2284.86392911,50760.9889816,138922.618724,1449.02120049,45.7936122195,7090.84727574,1299.72997192,6325.02371973,155133.034505,-40362.2170217,-7090.84727574,-622.397899317,-9469.34037936,-12334.0495231,-183.368735281,-9220.10728125,-21849.7360453,-7110.45270378,-8280.68215347,-11762.5438041,-7653.19772021,19194.0939619,-7133.48588108,-18788.5419459,-1558.91918809,-8286.8530532,-1489.91613948,-9776.76919268,-16835.9047425,-26612.6739351,7.00600731277,52
"158",24,1,5,NA,NA,NA,NA,NA,NA,NA,NA,NA,NA,NA,NA,NA,NA,NA,NA,NA,NA,NA,NA,NA,NA,NA,NA,NA,NA,NA,NA,NA,NA,NA,NA,NA,NA,NA,NA
"159",24,2,1,365588,25275.0218149,37162.5950446,41118.5052969,2652.68207488,44883.3163375,151092.120569,5899.23286842,130.53873021,5901.55544873,889.674666154,3926.70362413,167839.825906,-47586.8910917,-5901.55544873,-3041.55444424,-8990.00513923,-11063.8430488,-983.133940064,-7380.78548046,-22739.0368612,-6475.93525789,-7599.13764049,-9707.10258192,-7916.88151154,28368.4464301,-6931.78899184,-13951.2494,-1677.59825391,5807.80978432,-2774.07033387,3033.73945045,-16504.7270988,-13470.9876476,12.9052659278,79
"160",24,2,5,NA,NA,NA,NA,NA,NA,NA,NA,NA,NA,NA,NA,NA,NA,NA,NA,NA,NA,NA,NA,NA,NA,NA,NA,NA,NA,NA,NA,NA,NA,NA,NA,NA,NA,NA,NA
"161",24,4,1,182998,46490.2414999,24924.3472396,15349.578755,2052.50367731,43265.4074973,132082.078669,9225.14536263,1813.11701494,10758.328613,384.824920218,2085.2588925,156348.753472,-50074.6240338,-10758.328613,-8965.55190767,-7906.87582138,-5226.16944994,-579.410111805,-5242.36296899,-27808.9640324,-8100.53750861,-7497.14126362,-10322.1965263,-4965.24854195,8901.34269287,-4375.26761522,-13403.4310696,-963.840014372,-9841.19600635,-2410.2584372,-12251.4544435,-10868.4066007,-23119.8610443,16.7414944426,28
"162",24,4,5,NA,NA,NA,NA,NA,NA,NA,NA,NA,NA,NA,NA,NA,NA,NA,NA,NA,NA,NA,NA,NA,NA,NA,NA,NA,NA,NA,NA,NA,NA,NA,NA,NA,NA,NA,NA
"163",24,5,1,121100,28304.8494055,46197.8058382,17368.3137242,4190.92278282,57829.8468126,153891.738563,6375.81203138,-227.730396367,8399.91769612,1046.10428571,1946.60083402,171432.443014,-39325.1898018,-8399.91769612,-316.718918249,-5444.19143683,-5619.10669694,-369.229017341,-4181.6834104,-32026.6094137,-13293.4615359,-10042.0058299,-12078.3912634,-5939.69583815,34396.2421552,-9712.87514451,-23269.504583,-837.108232865,576.75419488,-1788.50023947,-1211.74604459,-19996.449777,-21208.1958216,12.3638645747,13
"164",24,5,5,NA,NA,NA,NA,NA,NA,NA,NA,NA,NA,NA,NA,NA,NA,NA,NA,NA,NA,NA,NA,NA,NA,NA,NA,NA,NA,NA,NA,NA,NA,NA,NA,NA,NA,NA,NA
"165",24,6,1,212299,27303.2785449,16606.6947166,27377.7140943,3078.88193552,41942.027317,116308.596608,4380.53213703,56.5233835298,8887.46903532,702.557703993,3201.16331193,133536.84218,-28750.9075824,-8887.46903532,-1533.89361231,-8152.99083769,-8286.08000923,-1355.26569018,-7157.78842472,-24666.051484,-5501.41659899,-7666.65947546,-8982.01983316,-6863.19179746,15405.3813379,-7813.56962327,-11110.2414705,-1377.47917352,-4895.90892943,-2085.22491745,-6981.13384689,-10189.3596948,-17170.4935417,12.1804247783,36
"166",24,6,5,NA,NA,NA,NA,NA,NA,NA,NA,NA,NA,NA,NA,NA,NA,NA,NA,NA,NA,NA,NA,NA,NA,NA,NA,NA,NA,NA,NA,NA,NA,NA,NA,NA,NA,NA,NA
"167",24,7,1,98599,25300.0915696,31817.359358,8716.13656325,654.906447226,60197.7737063,126686.267644,8219.24105224,29.3184677329,6324.18870526,846.284226209,1733.66166117,143838.961757,-39118.2474664,-6324.18870526,-53.5258978286,-6100.55053601,-2452.86524204,-214.420846053,-3635.78382022,-24440.1221108,-8121.1450821,-8222.44405724,-7689.32705514,-5386.38824866,32079.9526893,-7539.69193024,-20962.7445609,-2112.3079798,1465.20821834,-718.479847666,746.728370673,-14022.2474953,-13275.5191246,10.4587195611,16
"168",24,7,5,NA,NA,NA,NA,NA,NA,NA,NA,NA,NA,NA,NA,NA,NA,NA,NA,NA,NA,NA,NA,NA,NA,NA,NA,NA,NA,NA,NA,NA,NA,NA,NA,NA,NA,NA,NA
"169",24,8,1,106498,27573.6330729,27416.335115,14808.7759301,1778.14165994,53725.7844234,125302.670201,6187.93155815,149.632185581,8012.79723093,757.281286973,1840.17004113,142250.482504,-33004.4237912,-8012.79723093,-3631.15025634,-9978.84044527,-3725.32617983,-1658.25783583,-3697.28662078,-20444.7527653,-10050.1060442,-6869.09736296,-8112.81538677,-5041.46686492,28024.1617197,-5675.5402939,-15818.251995,-1053.65035926,5476.71907153,-2129.72737047,3346.99170106,-11662.3102122,-8315.31851115,11.6023070856,22
"170",24,8,5,NA,NA,NA,NA,NA,NA,NA,NA,NA,NA,NA,NA,NA,NA,NA,NA,NA,NA,NA,NA,NA,NA,NA,NA,NA,NA,NA,NA,NA,NA,NA,NA,NA,NA,NA,NA
"171",24,9,1,71492,38186.155335,17817.6282546,254.375006994,2543.59170676,46393.3838708,105195.134174,4734.38115971,32.4322927041,13177.7513588,1456.2681584,1355.23299054,125951.200134,-26661.0292072,-13177.7513588,-3935.08015904,-9237.82180244,-2095.75086024,-59.4023784479,-3858.00144925,-23924.7320539,-4616.69780283,-7591.01854501,-8382.86316287,-5843.05092989,16568.0004244,-6018.07879693,-14242.2599078,-1450.65473172,-5142.99301209,-1838.00958345,-6981.00259554,-11352.6587133,-18333.6613088,18.5566047949,47
"172",24,9,5,NA,NA,NA,NA,NA,NA,NA,NA,NA,NA,NA,NA,NA,NA,NA,NA,NA,NA,NA,NA,NA,NA,NA,NA,NA,NA,NA,NA,NA,NA,NA,NA,NA,NA,NA,NA
"173",24,10,1,97398,51161.108231,14474.1289402,39202.9377554,2225.25085258,57229.1369047,164292.562684,4279.88939321,0,19329.891129,2205.96499435,2063.68440502,192171.992605,-49405.6013688,-19329.891129,-1281.96610813,-11066.4820902,-15414.3173841,-930.682429003,-8672.5520676,-30789.6737099,-6573.10782583,-8348.66466272,-12951.6787651,-8687.81649623,18719.5585688,-9412.37861229,-22050.3339781,-726.205230087,-13469.3592517,-5116.01177581,-18585.3710275,-8786.22255529,-27371.5935828,27.5791034724,26
"174",24,10,5,NA,NA,NA,NA,NA,NA,NA,NA,NA,NA,NA,NA,NA,NA,NA,NA,NA,NA,NA,NA,NA,NA,NA,NA,NA,NA,NA,NA,NA,NA,NA,NA,NA,NA,NA,NA
"175",24,11,1,215792,79219.1618445,7219.4894915,20518.3958395,1792.09147244,58077.2698741,166826.408522,2297.24816013,369.70992363,21368.8103792,2289.66741598,2153.4728989,195305.3173,-50056.6943498,-21368.8103792,-6463.95616612,-15103.4215977,-12468.1421276,-1652.68709646,-6077.84956041,-31029.7240305,-4571.51997386,-8141.31291118,-12625.4683446,-8596.69885436,17140.5793241,-9588.25168357,-17207.94755,-1950.70099888,-11606.3209084,-1514.57622442,-13120.8971328,-11208.0002586,-24328.8973914,34.134987627,66
"176",24,11,5,1,67.09,52994.64,1810.84,3291.23,56754.36,114918.16,8998.7,113.17,2358.71,750.02,3483.32,130622.08,-30275.92,-2358.71,0,-5684.5,-1151.84,-591.42,-3058.9,-17255.94,-11682.45,-7560.51,-10142.39,-6080.58,34164.12,-4455.87,-20956.37,-2066.54,6685.32,-2857.2,3828.12,-18148.28,-14320.16,0.01,-2
"177",25,-1,1,1687554,0,0,0,95582.5643445,51405.5028546,171759.690057,0,0,11396.6054048,1141.00349937,12234.0142091,196531.313249,-64102.5667167,-11396.6054048,-3989.4812246,-8239.96575246,-8959.68357581,-1185.10557404,-35667.7953626,-25793.8453512,-7962.87954934,-8525.70621225,-11364.6944566,-22890.5199155,22120.2592576,-7432.2655998,-16157.1518657,-1440.57904735,-2909.73725525,-2740.11992897,-5649.85677849,-13513.366155,-19163.2225107,16.0217030151,381
"178",25,-1,5,NA,NA,NA,NA,NA,NA,NA,NA,NA,NA,NA,NA,NA,NA,NA,NA,NA,NA,NA,NA,NA,NA,NA,NA,NA,NA,NA,NA,NA,NA,NA,NA,NA,NA,NA,NA
"179",25,1,1,215787,0,0,0,99651.207408,50989.4865491,170736.61285,0,0,7831.42080528,1299.72997192,10964.7667081,190832.529479,-67759.5170159,-7831.42080528,-741.700989865,-7328.83007544,-12382.7799177,-277.249773619,-28061.8207029,-21936.0617106,-6956.84313925,-8870.49657426,-12805.3551049,-21965.6152017,21976.6527985,-7133.48592742,-18788.5418996,-1558.91918809,-5504.29421657,-2026.96252151,-7531.25591514,-16462.7746464,-23994.0300023,7.00600731277,52
"180",25,1,5,NA,NA,NA,NA,NA,NA,NA,NA,NA,NA,NA,NA,NA,NA,NA,NA,NA,NA,NA,NA,NA,NA,NA,NA,NA,NA,NA,NA,NA,NA,NA,NA,NA,NA,NA,NA
"181",25,2,1,365591,0,0,0,115852.289801,45068.6113206,182624.323578,0,0,6583.22805168,879.580174375,14240.6143145,204327.744183,-75967.1936115,-6583.22805168,-3859.82473986,-8807.42748153,-11148.0563605,-1413.91448211,-23854.5022715,-22957.3121766,-7260.61174074,-8095.44706426,-10550.550174,-16595.8059608,31088.3735853,-7099.47629485,-13504.5773983,-1664.25961345,8820.06027875,-3344.04691576,5476.01414666,-16292.3071912,-10816.2917612,12.9149250392,77
"182",25,2,5,NA,NA,NA,NA,NA,NA,NA,NA,NA,NA,NA,NA,NA,NA,NA,NA,NA,NA,NA,NA,NA,NA,NA,NA,NA,NA,NA,NA,NA,NA,NA,NA,NA,NA,NA,NA
"183",25,4,1,182998,0,0,0,87990.6254359,45204.5586368,163598.968445,0,0,12486.3142614,384.824920218,17532.6455145,194002.754953,-70412.3896772,-12486.3142614,-11422.2610302,-6731.77973371,-5246.81746249,-753.174176986,-34737.3032423,-27918.8357003,-8741.79782315,-8031.14707243,-11271.77394,-22909.4931786,8076.97107416,-4375.26761522,-13382.4132361,-963.840014372,-10644.5497915,-2952.79914354,-13597.3489378,-10868.407307,-24465.7561251,16.7414944426,28
"184",25,4,5,NA,NA,NA,NA,NA,NA,NA,NA,NA,NA,NA,NA,NA,NA,NA,NA,NA,NA,NA,NA,NA,NA,NA,NA,NA,NA,NA,NA,NA,NA,NA,NA,NA,NA,NA,NA
"185",25,5,1,121100,0,0,0,112015.707184,58381.2252106,191644.921329,0,0,9275.95310487,1046.10428571,10925.9312221,212892.907465,-52250.6544839,-9275.95310487,-395.681767135,-3680.43814203,-5641.30748142,-488.463790256,-29541.7735178,-32153.1437407,-13713.7062841,-10757.2765648,-13397.2079851,-25591.8510074,45547.2199917,-9712.87514451,-23269.504583,-837.108232865,11727.7320314,-2206.7832948,9520.95014038,-19996.449777,-10475.4980264,12.3638645747,13
"186",25,5,5,NA,NA,NA,NA,NA,NA,NA,NA,NA,NA,NA,NA,NA,NA,NA,NA,NA,NA,NA,NA,NA,NA,NA,NA,NA,NA,NA,NA,NA,NA,NA,NA,NA,NA,NA,NA
"187",25,6,1,212299,0,0,0,76680.6927707,42969.7444957,140701.985455,0,0,9730.48747865,702.557703993,10618.5024156,161753.531135,-44960.9184694,-9730.48747865,-1905.13221918,-7594.45528354,-8318.81723786,-1764.28280694,-31361.6092057,-25151.0520289,-7179.30656376,-8258.80967913,-10050.7299106,-20944.2788174,15895.2648798,-7844.80314768,-11196.0179933,-1377.47917352,-4523.03543465,-2586.94513563,-7109.98012704,-10251.0786996,-17361.0607744,12.2000197834,35
"188",25,6,5,NA,NA,NA,NA,NA,NA,NA,NA,NA,NA,NA,NA,NA,NA,NA,NA,NA,NA,NA,NA,NA,NA,NA,NA,NA,NA,NA,NA,NA,NA,NA,NA,NA,NA,NA,NA
"189",25,7,1,98599,0,0,0,75495.9440308,60482.1140397,156946.774632,0,0,6996.06954695,846.284226209,13126.3675801,177915.503267,-63872.6017875,-6996.06954695,-63.4320546862,-4460.26955162,-2462.55633424,-276.509761762,-24283.2455303,-24536.6817577,-8304.36644337,-8808.1121557,-8365.49122019,-13670.1310815,36099.2823001,-7539.69193024,-20962.7445609,-2112.3079798,5484.53782919,-927.114942444,4557.42229008,-14022.2472215,-9464.82460684,10.4587195611,16
"190",25,7,5,NA,NA,NA,NA,NA,NA,NA,NA,NA,NA,NA,NA,NA,NA,NA,NA,NA,NA,NA,NA,NA,NA,NA,NA,NA,NA,NA,NA,NA,NA,NA,NA,NA,NA,NA,NA
"191",25,8,1,106498,0,0,0,85059.7635781,53992.3966311,160637.744484,0,0,8738.7400092,757.281286973,12089.5641278,182223.331514,-48121.010068,-8738.7400092,-4303.19564217,-9881.23964225,-3740.04471915,-2142.72025766,-29062.2893778,-20525.5278398,-11688.9043409,-7358.36981389,-8846.59490657,-18822.2609072,38054.7258459,-5675.54028451,-15818.251995,-1053.65035926,15507.2832072,-2619.94907416,12887.3323349,-11662.3102122,1225.02364382,11.6023070856,22
"192",25,8,5,NA,NA,NA,NA,NA,NA,NA,NA,NA,NA,NA,NA,NA,NA,NA,NA,NA,NA,NA,NA,NA,NA,NA,NA,NA,NA,NA,NA,NA,NA,NA,NA,NA,NA,NA,NA
"193",25,9,1,71492,0,0,0,60038.8146661,47434.2277053,134546.129139,0,0,14246.2740253,1456.2681584,11370.5447344,161619.215527,-48715.9923656,-14246.2740253,-4743.02850109,-7100.94318092,-2104.03070945,-76.6033922677,-44515.8414186,-24019.2576094,-4693.3011951,-8131.70884784,-9091.46311294,-16132.0337996,22564.577086,-6018.07879693,-14242.2599078,-1450.65473172,853.583649499,-2265.45029612,-1411.86635456,-11336.8983065,-12748.7637088,18.5566047949,47
"194",25,9,5,NA,NA,NA,NA,NA,NA,NA,NA,NA,NA,NA,NA,NA,NA,NA,NA,NA,NA,NA,NA,NA,NA,NA,NA,NA,NA,NA,NA,NA,NA,NA,NA,NA,NA,NA,NA
"195",25,10,1,97398,0,0,0,100488.935439,61242.2886441,194555.117976,0,0,20936.6034941,2205.96499435,9681.32604797,227379.01377,-73326.4696708,-20936.6034941,-1524.76989281,-10418.4382394,-15475.2182926,-1203.28217684,-60528.764257,-30911.3206752,-7514.84698844,-8943.32147518,-13997.0728331,-33113.6282435,10014.0380938,-9412.37861229,-22050.3339781,-726.205230087,-22174.8797267,-6283.0517333,-28457.9307861,-8786.22195979,-37244.1523982,27.5791034724,26
"196",25,10,5,NA,NA,NA,NA,NA,NA,NA,NA,NA,NA,NA,NA,NA,NA,NA,NA,NA,NA,NA,NA,NA,NA,NA,NA,NA,NA,NA,NA,NA,NA,NA,NA,NA,NA,NA,NA
"197",25,11,1,215792,0,0,0,96917.720069,63652.3527881,194989.535463,0,0,23093.9810808,2289.96465128,9035.51752526,229409.000703,-69403.5817252,-23093.9810808,-7722.89302314,-12973.6046106,-12345.6489864,-2194.32472803,-66060.2463984,-31171.3025124,-6332.23635218,-8728.61661443,-13712.3658004,-38708.089187,3022.35642688,-9594.24813849,-17208.2931745,-1951.44302824,-25731.6279143,-2145.58871965,-27877.216074,-11205.9325889,-39083.1485505,34.1694189312,65
"198",25,11,5,NA,NA,NA,NA,NA,NA,NA,NA,NA,NA,NA,NA,NA,NA,NA,NA,NA,NA,NA,NA,NA,NA,NA,NA,NA,NA,NA,NA,NA,NA,NA,NA,NA,NA,NA,NA
